[{"model": "Recipes.recipeingredient", "pk": 1, "fields": {"recipe": 2, "ingredient": 35, "quantity": 400.0, "unit": "g"}}, {"model": "Recipes.recipeingredient", "pk": 2, "fields": {"recipe": 2, "ingredient": 66, "quantity": 2.0, "unit": "tbsp"}}, {"model": "Recipes.recipeingredient", "pk": 3, "fields": {"recipe": 2, "ingredient": 1, "quantity": 1.0, "unit": "pcs"}}, {"model": "Recipes.recipeingredient", "pk": 4, "fields": {"recipe": 2, "ingredient": 2, "quantity": 2.0, "unit": "cl"}}, {"model": "Recipes.recipeingredient", "pk": 5, "fields": {"recipe": 2, "ingredient": 43, "quantity": 500.0, "unit": "g"}}, {"model": "Recipes.recipeingredient", "pk": 6, "fields": {"recipe": 2, "ingredient": 101, "quantity": 400.0, "unit": "g"}}, {"model": "Recipes.recipeingredient", "pk": 7, "fields": {"recipe": 2, "ingredient": 102, "quantity": 2.0, "unit": "tbsp"}}, {"model": "Recipes.recipeingredient", "pk": 8, "fields": {"recipe": 3, "ingredient": 103, "quantity": 2.0, "unit": "pcs"}}, {"model": "Recipes.recipeingredient", "pk": 9, "fields": {"recipe": 3, "ingredient": 35, "quantity": 16.0, "unit": "oz"}}, {"model": "Recipes.recipeingredient", "pk": 10, "fields": {"recipe": 3, "ingredient": 81, "quantity": 1.0, "unit": "tsp"}}, {"model": "Recipes.recipeingredient", "pk": 11, "fields": {"recipe": 3, "ingredient": 104, "quantity": 15.0, "unit": "oz"}}, {"model": "Recipes.recipeingredient", "pk": 12, "fields": {"recipe": 3, "ingredient": 2, "quantity": 2.0, "unit": "cl"}}, {"model": "Recipes.recipeingredient", "pk": 13, "fields": {"recipe": 3, "ingredient": 1, "quantity": 1.0, "unit": "pcs"}}, {"model": "Recipes.recipeingredient", "pk": 14, "fields": {"recipe": 3, "ingredient": 82, "quantity": 2.0, "unit": "tsp"}}, {"model": "Recipes.recipeingredient", "pk": 15, "fields": {"recipe": 3, "ingredient": 61, "quantity": 2.0, "unit": "cups"}}, {"model": "Recipes.recipeingredient", "pk": 16, "fields": {"recipe": 3, "ingredient": 13, "quantity": 2.0, "unit": "cups"}}, {"model": "Recipes.recipeingredient", "pk": 17, "fields": {"recipe": 5, "ingredient": 66, "quantity": 3.0, "unit": "tbsp"}}, {"model": "Recipes.recipeingredient", "pk": 18, "fields": {"recipe": 5, "ingredient": 1, "quantity": 1.0, "unit": "pcs"}}, {"model": "Recipes.recipeingredient", "pk": 19, "fields": {"recipe": 5, "ingredient": 2, "quantity": 2.0, "unit": "cl"}}, {"model": "Recipes.recipeingredient", "pk": 20, "fields": {"recipe": 5, "ingredient": 105, "quantity": 3.0, "unit": "tbsp"}}, {"model": "Recipes.recipeingredient", "pk": 21, "fields": {"recipe": 5, "ingredient": 87, "quantity": 1.0, "unit": "tsp"}}, {"model": "Recipes.recipeingredient", "pk": 22, "fields": {"recipe": 5, "ingredient": 83, "quantity": 1.0, "unit": "tsp"}}, {"model": "Recipes.recipeingredient", "pk": 23, "fields": {"recipe": 5, "ingredient": 89, "quantity": 1.0, "unit": "tsp"}}, {"model": "Recipes.recipeingredient", "pk": 24, "fields": {"recipe": 5, "ingredient": 91, "quantity": 1.0, "unit": "tsp"}}, {"model": "Recipes.recipeingredient", "pk": 25, "fields": {"recipe": 5, "ingredient": 103, "quantity": 2.0, "unit": "pcs"}}, {"model": "Recipes.recipeingredient", "pk": 26, "fields": {"recipe": 5, "ingredient": 102, "quantity": 1.0, "unit": "tbsp"}}, {"model": "Recipes.recipeingredient", "pk": 27, "fields": {"recipe": 5, "ingredient": 58, "quantity": 1.0, "unit": "cup"}}, {"model": "Recipes.recipeingredient", "pk": 28, "fields": {"recipe": 6, "ingredient": 35, "quantity": 400.0, "unit": "g"}}, {"model": "Recipes.recipeingredient", "pk": 32, "fields": {"recipe": 6, "ingredient": 47, "quantity": 2.0, "unit": ""}}, {"model": "Recipes.recipeingredient", "pk": 33, "fields": {"recipe": 6, "ingredient": 106, "quantity": 150.0, "unit": "g"}}, {"model": "Recipes.recipeingredient", "pk": 34, "fields": {"recipe": 6, "ingredient": 61, "quantity": 75.0, "unit": "g"}}, {"model": "Recipes.recipeingredient", "pk": 55, "fields": {"recipe": 6, "ingredient": 82, "quantity": null, "unit": null}}, {"model": "Recipes.recipeingredient", "pk": 56, "fields": {"recipe": 6, "ingredient": 81, "quantity": null, "unit": null}}, {"model": "Recipes.instructions", "pk": 1, "fields": {"text": "Bring a large pot of salted water to a boil and cook the spaghetti according to the package instructions until al dente, then drain and set aside. While the pasta cooks, heat the olive oil in a large pan over medium heat, add the chopped onion, and cook for 3–4 minutes until softened. Stir in the garlic and cook briefly until fragrant, then add the ground beef and cook, breaking it up with a spoon, until browned. Mix in the tomato paste, crushed tomatoes, oregano, and basil, adding a little beef stock or water if the sauce is too thick, and season with salt and black pepper. Reduce the heat to low and let the sauce simmer for 20–30 minutes, stirring occasionally, until rich and well combined. Serve the Bolognese sauce over the cooked spaghetti and finish with grated Parmesan cheese and fresh herbs if desired."}}, {"model": "Recipes.instructions", "pk": 2, "fields": {"text": "Bring a large pot of salted water to a boil and cook the pasta according to the package instructions until al dente, then drain and set aside. Heat olive oil or butter in a large pan over medium heat, season the chicken with salt and pepper, and cook until golden and fully cooked, then remove from the pan and slice. In the same pan, melt butter and sauté the garlic briefly until fragrant, then add the heavy cream and let it gently simmer. Stir in grated Parmesan cheese and cook until the sauce thickens and becomes smooth. Add the cooked pasta and sliced chicken to the sauce, toss until evenly coated, and cook for 1–2 minutes more before serving hot."}}, {"model": "Recipes.instructions", "pk": 4, "fields": {"text": "Heat 3 tbsp oil in a pan over medium heat. Add 2 finely chopped onions and cook until golden brown. Stir in 1 tbsp ginger-garlic paste and sauté for 1 minute until fragrant. Add 2 chopped tomatoes and cook until soft and the oil begins to separate. Mix in 1 tsp coriander powder, 1 tsp cumin powder, ½ tsp turmeric, 1 tsp red chili powder (adjust to taste), and salt. Add 1 kg chicken pieces and stir well to coat with the spices. Cook for 5–7 minutes until the chicken turns white. Pour in 1½ cups water, cover, and simmer on low heat for 20–25 minutes (less for boneless chicken), stirring occasionally. Finish with 1 tsp garam masala and garnish with fresh coriander. Serve hot with rice or roti."}}, {"model": "Recipes.instructions", "pk": 5, "fields": {"text": "Cook 400g of spaghetti in salted boiling water until al dente. While the pasta cooks, cut 150 g of guanciale (or pancetta) into small pieces and cook in a pan over medium heat until crisp. In a bowl, whisk 3 large eggs with 100 g of finely grated Pecorino Romano cheese and a generous amount of freshly ground black pepper. Once the pasta is done, reserve about a cup of pasta water and drain the rest. Quickly toss the hot pasta with the guanciale off the heat, then add the egg and cheese mixture, stirring vigorously to create a creamy sauce without scrambling the eggs. Add reserved pasta water a little at a time if needed to loosen the sauce. Serve immediately, topped with extra cheese and black pepper."}}, {"model": "Recipes.ingredient", "pk": 1, "fields": {"name": "onion"}}, {"model": "Recipes.ingredient", "pk": 2, "fields": {"name": "garlic"}}, {"model": "Recipes.ingredient", "pk": 3, "fields": {"name": "carrot"}}, {"model": "Recipes.ingredient", "pk": 4, "fields": {"name": "celery"}}, {"model": "Recipes.ingredient", "pk": 5, "fields": {"name": "bell pepper (red)"}}, {"model": "Recipes.ingredient", "pk": 6, "fields": {"name": "bell pepper (green)"}}, {"model": "Recipes.ingredient", "pk": 7, "fields": {"name": "tomato"}}, {"model": "Recipes.ingredient", "pk": 8, "fields": {"name": "potato"}}, {"model": "Recipes.ingredient", "pk": 9, "fields": {"name": "sweet potato"}}, {"model": "Recipes.ingredient", "pk": 10, "fields": {"name": "cucumber"}}, {"model": "Recipes.ingredient", "pk": 11, "fields": {"name": "spinach"}}, {"model": "Recipes.ingredient", "pk": 12, "fields": {"name": "kale"}}, {"model": "Recipes.ingredient", "pk": 13, "fields": {"name": "broccoli"}}, {"model": "Recipes.ingredient", "pk": 14, "fields": {"name": "cauliflower"}}, {"model": "Recipes.ingredient", "pk": 15, "fields": {"name": "zucchini"}}, {"model": "Recipes.ingredient", "pk": 16, "fields": {"name": "eggplant"}}, {"model": "Recipes.ingredient", "pk": 17, "fields": {"name": "mushrooms"}}, {"model": "Recipes.ingredient", "pk": 18, "fields": {"name": "green beans"}}, {"model": "Recipes.ingredient", "pk": 19, "fields": {"name": "peas"}}, {"model": "Recipes.ingredient", "pk": 20, "fields": {"name": "corn"}}, {"model": "Recipes.ingredient", "pk": 21, "fields": {"name": "apple"}}, {"model": "Recipes.ingredient", "pk": 22, "fields": {"name": "banana"}}, {"model": "Recipes.ingredient", "pk": 23, "fields": {"name": "lemon"}}, {"model": "Recipes.ingredient", "pk": 24, "fields": {"name": "lime"}}, {"model": "Recipes.ingredient", "pk": 25, "fields": {"name": "orange"}}, {"model": "Recipes.ingredient", "pk": 26, "fields": {"name": "strawberry"}}, {"model": "Recipes.ingredient", "pk": 27, "fields": {"name": "blueberry"}}, {"model": "Recipes.ingredient", "pk": 28, "fields": {"name": "raspberry"}}, {"model": "Recipes.ingredient", "pk": 29, "fields": {"name": "mango"}}, {"model": "Recipes.ingredient", "pk": 30, "fields": {"name": "pineapple"}}, {"model": "Recipes.ingredient", "pk": 31, "fields": {"name": "rice (white)"}}, {"model": "Recipes.ingredient", "pk": 32, "fields": {"name": "brown rice"}}, {"model": "Recipes.ingredient", "pk": 33, "fields": {"name": "quinoa"}}, {"model": "Recipes.ingredient", "pk": 34, "fields": {"name": "oats"}}, {"model": "Recipes.ingredient", "pk": 35, "fields": {"name": "pasta (spaghetti)"}}, {"model": "Recipes.ingredient", "pk": 36, "fields": {"name": "pasta (penne)"}}, {"model": "Recipes.ingredient", "pk": 37, "fields": {"name": "bread"}}, {"model": "Recipes.ingredient", "pk": 38, "fields": {"name": "flour (all-purpose)"}}, {"model": "Recipes.ingredient", "pk": 39, "fields": {"name": "cornmeal"}}, {"model": "Recipes.ingredient", "pk": 40, "fields": {"name": "couscous"}}, {"model": "Recipes.ingredient", "pk": 41, "fields": {"name": "chicken breast"}}, {"model": "Recipes.ingredient", "pk": 42, "fields": {"name": "chicken thighs"}}, {"model": "Recipes.ingredient", "pk": 43, "fields": {"name": "ground beef"}}, {"model": "Recipes.ingredient", "pk": 44, "fields": {"name": "beef steak"}}, {"model": "Recipes.ingredient", "pk": 45, "fields": {"name": "pork chops"}}, {"model": "Recipes.ingredient", "pk": 46, "fields": {"name": "bacon"}}, {"model": "Recipes.ingredient", "pk": 47, "fields": {"name": "eggs"}}, {"model": "Recipes.ingredient", "pk": 48, "fields": {"name": "salmon"}}, {"model": "Recipes.ingredient", "pk": 49, "fields": {"name": "tuna"}}, {"model": "Recipes.ingredient", "pk": 50, "fields": {"name": "shrimp"}}, {"model": "Recipes.ingredient", "pk": 51, "fields": {"name": "tofu"}}, {"model": "Recipes.ingredient", "pk": 52, "fields": {"name": "tempeh"}}, {"model": "Recipes.ingredient", "pk": 53, "fields": {"name": "lentils"}}, {"model": "Recipes.ingredient", "pk": 54, "fields": {"name": "chickpeas"}}, {"model": "Recipes.ingredient", "pk": 55, "fields": {"name": "black beans"}}, {"model": "Recipes.ingredient", "pk": 56, "fields": {"name": "milk"}}, {"model": "Recipes.ingredient", "pk": 57, "fields": {"name": "heavy cream"}}, {"model": "Recipes.ingredient", "pk": 58, "fields": {"name": "yogurt"}}, {"model": "Recipes.ingredient", "pk": 59, "fields": {"name": "butter"}}, {"model": "Recipes.ingredient", "pk": 60, "fields": {"name": "cheese (cheddar)"}}, {"model": "Recipes.ingredient", "pk": 61, "fields": {"name": "cheese (parmesan)"}}, {"model": "Recipes.ingredient", "pk": 62, "fields": {"name": "cheese (mozzarella)"}}, {"model": "Recipes.ingredient", "pk": 63, "fields": {"name": "cream cheese"}}, {"model": "Recipes.ingredient", "pk": 64, "fields": {"name": "sour cream"}}, {"model": "Recipes.ingredient", "pk": 65, "fields": {"name": "almond milk"}}, {"model": "Recipes.ingredient", "pk": 66, "fields": {"name": "olive oil"}}, {"model": "Recipes.ingredient", "pk": 67, "fields": {"name": "vegetable oil"}}, {"model": "Recipes.ingredient", "pk": 68, "fields": {"name": "canola oil"}}, {"model": "Recipes.ingredient", "pk": 69, "fields": {"name": "coconut oil"}}, {"model": "Recipes.ingredient", "pk": 70, "fields": {"name": "sesame oil"}}, {"model": "Recipes.ingredient", "pk": 71, "fields": {"name": "basil"}}, {"model": "Recipes.ingredient", "pk": 72, "fields": {"name": "oregano"}}, {"model": "Recipes.ingredient", "pk": 73, "fields": {"name": "thyme"}}, {"model": "Recipes.ingredient", "pk": 74, "fields": {"name": "rosemary"}}, {"model": "Recipes.ingredient", "pk": 75, "fields": {"name": "parsley"}}, {"model": "Recipes.ingredient", "pk": 76, "fields": {"name": "cilantro"}}, {"model": "Recipes.ingredient", "pk": 77, "fields": {"name": "dill"}}, {"model": "Recipes.ingredient", "pk": 78, "fields": {"name": "sage"}}, {"model": "Recipes.ingredient", "pk": 79, "fields": {"name": "mint"}}, {"model": "Recipes.ingredient", "pk": 80, "fields": {"name": "chives"}}, {"model": "Recipes.ingredient", "pk": 81, "fields": {"name": "salt"}}, {"model": "Recipes.ingredient", "pk": 82, "fields": {"name": "black pepper"}}, {"model": "Recipes.ingredient", "pk": 83, "fields": {"name": "paprika"}}, {"model": "Recipes.ingredient", "pk": 84, "fields": {"name": "chili powder"}}, {"model": "Recipes.ingredient", "pk": 85, "fields": {"name": "cumin"}}, {"model": "Recipes.ingredient", "pk": 86, "fields": {"name": "turmeric"}}, {"model": "Recipes.ingredient", "pk": 87, "fields": {"name": "cinnamon"}}, {"model": "Recipes.ingredient", "pk": 88, "fields": {"name": "nutmeg"}}, {"model": "Recipes.ingredient", "pk": 89, "fields": {"name": "ginger (ground)"}}, {"model": "Recipes.ingredient", "pk": 90, "fields": {"name": "red pepper flakes"}}, {"model": "Recipes.ingredient", "pk": 91, "fields": {"name": "sugar"}}, {"model": "Recipes.ingredient", "pk": 92, "fields": {"name": "brown sugar"}}, {"model": "Recipes.ingredient", "pk": 93, "fields": {"name": "honey"}}, {"model": "Recipes.ingredient", "pk": 94, "fields": {"name": "soy sauce"}}, {"model": "Recipes.ingredient", "pk": 95, "fields": {"name": "vinegar (white)"}}, {"model": "Recipes.ingredient", "pk": 96, "fields": {"name": "vinegar (balsamic)"}}, {"model": "Recipes.ingredient", "pk": 97, "fields": {"name": "baking powder"}}, {"model": "Recipes.ingredient", "pk": 98, "fields": {"name": "baking soda"}}, {"model": "Recipes.ingredient", "pk": 99, "fields": {"name": "cornstarch"}}, {"model": "Recipes.ingredient", "pk": 100, "fields": {"name": "stock/broth"}}, {"model": "Recipes.ingredient", "pk": 101, "fields": {"name": "canned tomatoes"}}, {"model": "Recipes.ingredient", "pk": 102, "fields": {"name": "tomato paste"}}, {"model": "Recipes.ingredient", "pk": 103, "fields": {"name": "boneless chicken"}}, {"model": "Recipes.ingredient", "pk": 104, "fields": {"name": "alfredo sauce"}}, {"model": "Recipes.ingredient", "pk": 105, "fields": {"name": "curry powder"}}, {"model": "Recipes.ingredient", "pk": 106, "fields": {"name": "pancetta"}}, {"model": "Recipes.recipe", "pk": 2, "fields": {"title": "Spaghetti Bolognese", "image": "https://supervalu.ie/image/var/files/real-food/recipes/Uploaded-2020/spaghetti-bolognese-recipe.jpg", "prep_time": 10, "cook_time": 40, "description": "Spaghetti Bolognese is a rich and comforting Italian-inspired pasta dish made with a slow-simmered meat sauce.", "instructions": 1, "favorited_by": []}}, {"model": "Recipes.recipe", "pk": 3, "fields": {"title": "Chicken Alfredo Pasta", "image": "https://www.cookedbyjulie.com/wp-content/uploads/2022/11/crispy-chicken-fettuccine-alfredo-one.jpg", "prep_time": 10, "cook_time": 25, "description": "Chicken Alfredo Pasta is a creamy and comforting dish made with chicken, cooked pasta, and a rich Parmesan cream sauce.", "instructions": 2, "favorited_by": []}}, {"model": "Recipes.recipe", "pk": 5, "fields": {"title": "Indian Chicken Curry", "image": "https://cookingmadehealthy.com/wp-content/uploads/2019/01/Indian-Curry-Chicken-2.jpg", "prep_time": 20, "cook_time": 25, "description": "Chicken curry from the Indian subcontinent typically features chicken stewed in a tomato-based sauce seasoned with aromatic spices.", "instructions": 4, "favorited_by": []}}, {"model": "Recipes.recipe", "pk": 6, "fields": {"title": "Spaghetti Carbonara", "image": "https://upload.wikimedia.org/wikipedia/commons/3/33/Espaguetis_carbonara.jpg", "prep_time": 20, "cook_time": 20, "description": "This is a real spaghetti carbonara recipe made the traditional Italian way, without a single drop of cream.", "instructions": 5, "favorited_by": []}}, {"model": "Recipes.profile", "pk": 4, "fields": {"user": 12, "bio": "Misho is a passionate cook who turns fresh ingredients into flavorful, memorable dishes. Driven by creativity and love for food, he delights in exploring new flavors while honoring culinary traditions, sharing joy one plate at a time."}}]
